{
  "exp_id": 6,
  "k": 10,
  "neg_mode": "shift",
  "w_mode": "relative",
  "scale": "none",
  "init": "nndsvda",
  "n_rows_before": 2551,
  "n_rows_after": 2551,
  "n_bad_naninf_rows": 0,
  "n_negative_values_before": 637555,
  "shift_applied": 19.671,
  "n_samples": 2551,
  "n_features": 9184,
  "recon_err": 1413.8699488966574,
  "model_recon_err": 1413.8699488966574,
  "roc_auc_mean": 0.5967819473926317,
  "roc_auc_std": 0.0309920649210577,
  "accuracy_mean": 0.742648785541614,
  "accuracy_std": 0.00940915280455602,
  "f1_mean": 0.1946639972615935,
  "f1_std": 0.0300098438528736,
  "precision_mean": 0.44220020602101606,
  "precision_std": 0.06425397326542914,
  "recall_mean": 0.1251968503937008,
  "recall_std": 0.020816147043462838,
  "roc_plot": "results\\experiments\\run_20250830_183040\\exp_0006_k10_negshift_wrelative_scalenone\\roc_folds_mean.png",
  "pr_plot": "results\\experiments\\run_20250830_183040\\exp_0006_k10_negshift_wrelative_scalenone\\pr_folds_mean.png",
  "confusion_matrix_plot": "results\\experiments\\run_20250830_183040\\exp_0006_k10_negshift_wrelative_scalenone\\confusion_matrix_cv_agg.png",
  "status": "ok",
  "time_elapsed_s": 4.2902092933654785
}