{
  "exp_id": 7,
  "k": 10,
  "neg_mode": "shift",
  "w_mode": "relative",
  "scale": "minmax",
  "init": "nndsvda",
  "n_rows_before": 2551,
  "n_rows_after": 2551,
  "n_bad_naninf_rows": 0,
  "n_negative_values_before": 0,
  "shift_applied": 0.0,
  "n_samples": 2551,
  "n_features": 9184,
  "recon_err": 419.15242972822847,
  "model_recon_err": 419.15242972822847,
  "roc_auc_mean": 0.7216862821059736,
  "roc_auc_std": 0.016325067584053807,
  "accuracy_mean": 0.7536310962741262,
  "accuracy_std": 0.010640935188394944,
  "f1_mean": 0.33483526007773873,
  "f1_std": 0.03942669260845848,
  "precision_mean": 0.5111565288408197,
  "precision_std": 0.04277426625876642,
  "recall_mean": 0.2503937007874016,
  "recall_std": 0.039247402923923876,
  "roc_plot": "results\\experiments\\run_20250830_183040\\exp_0007_k10_negshift_wrelative_scaleminmax\\roc_folds_mean.png",
  "pr_plot": "results\\experiments\\run_20250830_183040\\exp_0007_k10_negshift_wrelative_scaleminmax\\pr_folds_mean.png",
  "confusion_matrix_plot": "results\\experiments\\run_20250830_183040\\exp_0007_k10_negshift_wrelative_scaleminmax\\confusion_matrix_cv_agg.png",
  "status": "ok",
  "time_elapsed_s": 78.24925303459167
}