{
  "exp_id": 4,
  "k": 10,
  "neg_mode": "clip",
  "w_mode": "relative",
  "scale": "none",
  "init": "nndsvda",
  "n_rows_before": 2551,
  "n_rows_after": 2551,
  "n_bad_naninf_rows": 0,
  "n_negative_values_before": 637555,
  "shift_applied": 0.0,
  "n_samples": 2551,
  "n_features": 9184,
  "recon_err": 1119.7300636231437,
  "model_recon_err": 1119.7300636231437,
  "roc_auc_mean": 0.682634596885001,
  "roc_auc_std": 0.032193264783885046,
  "accuracy_mean": 0.7440297762940793,
  "accuracy_std": 0.014832033631430859,
  "f1_mean": 0.2789752681208716,
  "f1_std": 0.026890147218595662,
  "precision_mean": 0.47479654938237176,
  "precision_std": 0.06579293960876885,
  "recall_mean": 0.19921259842519684,
  "recall_std": 0.02378190297128461,
  "roc_plot": "results\\experiments\\run_20250830_183040\\exp_0004_k10_negclip_wrelative_scalenone\\roc_folds_mean.png",
  "pr_plot": "results\\experiments\\run_20250830_183040\\exp_0004_k10_negclip_wrelative_scalenone\\pr_folds_mean.png",
  "confusion_matrix_plot": "results\\experiments\\run_20250830_183040\\exp_0004_k10_negclip_wrelative_scalenone\\confusion_matrix_cv_agg.png",
  "status": "ok",
  "time_elapsed_s": 75.27062201499939
}