{
  "exp_id": 0,
  "k": 5,
  "neg_mode": "clip",
  "w_mode": "relative",
  "scale": "none",
  "init": "nndsvda",
  "n_rows_before": 2551,
  "n_rows_after": 2551,
  "n_bad_naninf_rows": 0,
  "n_negative_values_before": 637555,
  "shift_applied": 0.0,
  "n_samples": 2551,
  "n_features": 9184,
  "recon_err": 1170.8679399675823,
  "model_recon_err": 1170.8679399675823,
  "roc_auc_mean": 0.6829014702959779,
  "roc_auc_std": 0.017730139921345377,
  "accuracy_mean": 0.7342208664287633,
  "accuracy_std": 0.01104050166377208,
  "f1_mean": 0.2722947535707048,
  "f1_std": 0.027672690089359075,
  "precision_mean": 0.4309271614780109,
  "precision_std": 0.03656339822065598,
  "recall_mean": 0.20078740157480318,
  "recall_std": 0.03088871993684993,
  "roc_plot": "results\\experiments\\run_20250830_183040\\exp_0000_k5_negclip_wrelative_scalenone\\roc_folds_mean.png",
  "pr_plot": "results\\experiments\\run_20250830_183040\\exp_0000_k5_negclip_wrelative_scalenone\\pr_folds_mean.png",
  "confusion_matrix_plot": "results\\experiments\\run_20250830_183040\\exp_0000_k5_negclip_wrelative_scalenone\\confusion_matrix_cv_agg.png",
  "status": "ok",
  "time_elapsed_s": 76.45386719703674
}