{
  "exp_id": 3,
  "k": 5,
  "neg_mode": "shift",
  "w_mode": "relative",
  "scale": "minmax",
  "init": "nndsvda",
  "n_rows_before": 2551,
  "n_rows_after": 2551,
  "n_bad_naninf_rows": 0,
  "n_negative_values_before": 0,
  "shift_applied": 0.0,
  "n_samples": 2551,
  "n_features": 9184,
  "recon_err": 441.57735107887333,
  "model_recon_err": 441.57735107887333,
  "roc_auc_mean": 0.6827551977327084,
  "roc_auc_std": 0.028950319522903525,
  "accuracy_mean": 0.7348075668623615,
  "accuracy_std": 0.00898693543504892,
  "f1_mean": 0.24649880476555333,
  "f1_std": 0.027111540161249316,
  "precision_mean": 0.42287106725683377,
  "precision_std": 0.040050173118032086,
  "recall_mean": 0.17480314960629922,
  "recall_std": 0.023998172074881807,
  "roc_plot": "results\\experiments\\run_20250830_183040\\exp_0003_k5_negshift_wrelative_scaleminmax\\roc_folds_mean.png",
  "pr_plot": "results\\experiments\\run_20250830_183040\\exp_0003_k5_negshift_wrelative_scaleminmax\\pr_folds_mean.png",
  "confusion_matrix_plot": "results\\experiments\\run_20250830_183040\\exp_0003_k5_negshift_wrelative_scaleminmax\\confusion_matrix_cv_agg.png",
  "status": "ok",
  "time_elapsed_s": 88.1546082496643
}