{
  "exp_id": 2,
  "k": 5,
  "neg_mode": "shift",
  "w_mode": "relative",
  "scale": "none",
  "init": "nndsvda",
  "n_rows_before": 2551,
  "n_rows_after": 2551,
  "n_bad_naninf_rows": 0,
  "n_negative_values_before": 637555,
  "shift_applied": 19.671,
  "n_samples": 2551,
  "n_features": 9184,
  "recon_err": 1364.094487937759,
  "model_recon_err": 1364.094487937759,
  "roc_auc_mean": 0.5703142935400862,
  "roc_auc_std": 0.026234341189236003,
  "accuracy_mean": 0.7332439277080696,
  "accuracy_std": 0.013328449481894567,
  "f1_mean": 0.11611271395476319,
  "f1_std": 0.037176867986408076,
  "precision_mean": 0.3429807867738902,
  "precision_std": 0.11154501653911786,
  "recall_mean": 0.07086614173228346,
  "recall_std": 0.024340206024923105,
  "roc_plot": "results\\experiments\\run_20250830_183040\\exp_0002_k5_negshift_wrelative_scalenone\\roc_folds_mean.png",
  "pr_plot": "results\\experiments\\run_20250830_183040\\exp_0002_k5_negshift_wrelative_scalenone\\pr_folds_mean.png",
  "confusion_matrix_plot": "results\\experiments\\run_20250830_183040\\exp_0002_k5_negshift_wrelative_scalenone\\confusion_matrix_cv_agg.png",
  "status": "ok",
  "time_elapsed_s": 3.9462995529174805
}